icell2d,xc,yc,nvert,icvert_1 ,icvert_2,icvert_3,icvert_4,icvert_5
0,0.001,0.75,5,0,1,42,41,0
1,0.003,0.75,5,1,2,43,42,1
2,0.005,0.75,5,2,3,44,43,2
3,0.007,0.75,5,3,4,45,44,3
4,0.009,0.75,5,4,5,46,45,4
5,0.011,0.75,5,5,6,47,46,5
6,0.013,0.75,5,6,7,48,47,6
7,0.015,0.75,5,7,8,49,48,7
8,0.017,0.75,5,8,9,50,49,8
9,0.019,0.75,5,9,10,51,50,9
10,0.021,0.75,5,10,11,52,51,10
11,0.023,0.75,5,11,12,53,52,11
12,0.025,0.75,5,12,13,54,53,12
13,0.027,0.75,5,13,14,55,54,13
14,0.029,0.75,5,14,15,56,55,14
15,0.031,0.75,5,15,16,57,56,15
16,0.033,0.75,5,16,17,58,57,16
17,0.035,0.75,5,17,18,59,58,17
18,0.037,0.75,5,18,19,60,59,18
19,0.039,0.75,5,19,20,61,60,19
20,0.041,0.75,5,20,21,62,61,20
21,0.043,0.75,5,21,22,63,62,21
22,0.045,0.75,5,22,23,64,63,22
23,0.047,0.75,5,23,24,65,64,23
24,0.049,0.75,5,24,25,66,65,24
25,0.051,0.75,5,25,26,67,66,25
26,0.053,0.75,5,26,27,68,67,26
27,0.055,0.75,5,27,28,69,68,27
28,0.057,0.75,5,28,29,70,69,28
29,0.059,0.75,5,29,30,71,70,29
30,0.061,0.75,5,30,31,72,71,30
31,0.063,0.75,5,31,32,73,72,31
32,0.065,0.75,5,32,33,74,73,32
33,0.067,0.75,5,33,34,75,74,33
34,0.069,0.75,5,34,35,76,75,34
35,0.071,0.75,5,35,36,77,76,35
36,0.073,0.75,5,36,37,78,77,36
37,0.075,0.75,5,37,38,79,78,37
38,0.077,0.75,5,38,39,80,79,38
39,0.079,0.75,5,39,40,81,80,39
40,0.001,0.25,5,41,42,83,82,41
41,0.003,0.25,5,42,43,84,83,42
42,0.005,0.25,5,43,44,85,84,43
43,0.007,0.25,5,44,45,86,85,44
44,0.009,0.25,5,45,46,87,86,45
45,0.011,0.25,5,46,47,88,87,46
46,0.013,0.25,5,47,48,89,88,47
47,0.015,0.25,5,48,49,90,89,48
48,0.017,0.25,5,49,50,91,90,49
49,0.019,0.25,5,50,51,92,91,50
50,0.021,0.25,5,51,52,93,92,51
51,0.023,0.25,5,52,53,94,93,52
52,0.025,0.25,5,53,54,95,94,53
53,0.027,0.25,5,54,55,96,95,54
54,0.029,0.25,5,55,56,97,96,55
55,0.031,0.25,5,56,57,98,97,56
56,0.033,0.25,5,57,58,99,98,57
57,0.035,0.25,5,58,59,100,99,58
58,0.037,0.25,5,59,60,101,100,59
59,0.039,0.25,5,60,61,102,101,60
60,0.041,0.25,5,61,62,103,102,61
61,0.043,0.25,5,62,63,104,103,62
62,0.045,0.25,5,63,64,105,104,63
63,0.047,0.25,5,64,65,106,105,64
64,0.049,0.25,5,65,66,107,106,65
65,0.051,0.25,5,66,67,108,107,66
66,0.053,0.25,5,67,68,109,108,67
67,0.055,0.25,5,68,69,110,109,68
68,0.057,0.25,5,69,70,111,110,69
69,0.059,0.25,5,70,71,112,111,70
70,0.061,0.25,5,71,72,113,112,71
71,0.063,0.25,5,72,73,114,113,72
72,0.065,0.25,5,73,74,115,114,73
73,0.067,0.25,5,74,75,116,115,74
74,0.069,0.25,5,75,76,117,116,75
75,0.071,0.25,5,76,77,118,117,76
76,0.073,0.25,5,77,78,119,118,77
77,0.075,0.25,5,78,79,120,119,78
78,0.077,0.25,5,79,80,121,120,79
79,0.079,0.25,5,80,81,122,121,80
